{"calibration_data": {"home_x": 0.0, "home_z": 0.0}, "calibration_offsets": {"offset_x": 12.369421786732143, "offset_z": -42.897327740987144}}